url_path,views_total,views_unique
/nbernardo/dlt-client,41,6
/nbernardo/dlt-client/graphs/traffic,25,1
/nbernardo/dlt-client/pulse,17,1
/nbernardo/dlt-client/pull/70,16,2
/nbernardo/dlt-client/tree/feature/sql-destinations-query-support,14,1
/nbernardo/dlt-client/branches,9,2
/nbernardo/dlt-client/issues,8,2
/nbernardo/dlt-client/pulls,8,2
/nbernardo/dlt-client/blob/d5235e1056d265ec08f398a1591de70519aa554d/ui/app/components/parts/Header.html,8,1
/nbernardo/dlt-client/blob/d5235e1056d265ec08f398a1591de70519aa554d/ui/app/components/parts/Header.js,8,1
